<?xml version="1.0" encoding="UTF-8"?>
<metadata xml:lang="zh"><Esri><CreaDate>20231127</CreaDate><CreaTime>20002300</CreaTime><ArcGISFormat>1.0</ArcGISFormat><SyncOnce>FALSE</SyncOnce><DataProperties><itemProps><itemName Sync="TRUE">pv_result_fusion_date_lc_prov</itemName><imsContentType Sync="TRUE">002</imsContentType><itemSize Sync="TRUE">0.000</itemSize><itemLocation><linkage Sync="TRUE">file://\\DESKTOP-V5MQQOH\E$\PVinstallation\result\pv_result_fusion_date_lc_prov.shp</linkage><protocol Sync="TRUE">Local Area Network</protocol></itemLocation></itemProps><coordRef><type Sync="TRUE">Geographic</type><geogcsn Sync="TRUE">GCS_WGS_1984</geogcsn><csUnits Sync="TRUE">Angular Unit: Degree (0.017453)</csUnits><peXml Sync="TRUE">&lt;GeographicCoordinateSystem xsi:type='typens:GeographicCoordinateSystem' xmlns:xsi='http://www.w3.org/2001/XMLSchema-instance' xmlns:xs='http://www.w3.org/2001/XMLSchema' xmlns:typens='http://www.esri.com/schemas/ArcGIS/10.7'&gt;&lt;WKT&gt;GEOGCS[&amp;quot;GCS_WGS_1984&amp;quot;,DATUM[&amp;quot;D_WGS_1984&amp;quot;,SPHEROID[&amp;quot;WGS_1984&amp;quot;,6378137.0,298.257223563]],PRIMEM[&amp;quot;Greenwich&amp;quot;,0.0],UNIT[&amp;quot;Degree&amp;quot;,0.0174532925199433],AUTHORITY[&amp;quot;EPSG&amp;quot;,4326]]&lt;/WKT&gt;&lt;XOrigin&gt;-400&lt;/XOrigin&gt;&lt;YOrigin&gt;-400&lt;/YOrigin&gt;&lt;XYScale&gt;11258999068426.238&lt;/XYScale&gt;&lt;ZOrigin&gt;-100000&lt;/ZOrigin&gt;&lt;ZScale&gt;10000&lt;/ZScale&gt;&lt;MOrigin&gt;-100000&lt;/MOrigin&gt;&lt;MScale&gt;10000&lt;/MScale&gt;&lt;XYTolerance&gt;8.983152841195215e-09&lt;/XYTolerance&gt;&lt;ZTolerance&gt;0.001&lt;/ZTolerance&gt;&lt;MTolerance&gt;0.001&lt;/MTolerance&gt;&lt;HighPrecision&gt;true&lt;/HighPrecision&gt;&lt;LeftLongitude&gt;-180&lt;/LeftLongitude&gt;&lt;WKID&gt;4326&lt;/WKID&gt;&lt;LatestWKID&gt;4326&lt;/LatestWKID&gt;&lt;/GeographicCoordinateSystem&gt;</peXml></coordRef><lineage><Process ToolSource="e:\arcgis\desktop10.8\ArcToolbox\Toolboxes\Data Management Tools.tbx\Merge" Date="20230315" Time="133852">Merge result28;pv_predict E:\PVinstallation\pv_predict1.shp "class "class" true true false 24 Double 15 23 ,First,#,result28,class,-1,-1,pv_predict,class,-1,-1;area "area" true true false 19 Double 0 0 ,First,#,pv_predict,area,-1,-1"</Process><Process ToolSource="e:\arcgis\desktop10.8\ArcToolbox\Toolboxes\Analysis Tools.tbx\SpatialJoin" Date="20230316" Time="123748">SpatialJoin pv_prj_stat pv1 E:\PVinstallation\pv_stat_prj_date.shp JOIN_ONE_TO_ONE KEEP_ALL "date "date" true true false 5 Long 0 5 ,First,#,pv1,date,-1,-1" INTERSECT # #</Process><Process ToolSource="e:\arcgis\desktop10.8\ArcToolbox\Toolboxes\Data Management Tools.tbx\CalculateField" Date="20230316" Time="123844">CalculateField pv_stat_prj_date id "[FID] +1" VB #</Process><Process ToolSource="e:\arcgis\desktop10.8\ArcToolbox\Toolboxes\Data Management Tools.tbx\CalculateField" Date="20230317" Time="165050">CalculateField pv_stat_prj_date date 2022 VB #</Process><Process ToolSource="e:\arcgis\desktop10.8\ArcToolbox\Toolboxes\Data Management Tools.tbx\CalculateField" Date="20230319" Time="004540">CalculateField pv_stat_prj_date date 2022 VB #</Process><Process ToolSource="e:\arcgis\desktop10.8\ArcToolbox\Toolboxes\Data Management Tools.tbx\CalculateField" Date="20230319" Time="225219">CalculateField pv_stat_prj_date date 2019 VB #</Process><Process ToolSource="e:\arcgis\desktop10.8\ArcToolbox\Toolboxes\Data Management Tools.tbx\CalculateField" Date="20230320" Time="230351">CalculateField pv_stat_date date 2023 VB #</Process><Process ToolSource="e:\arcgis\desktop10.8\ArcToolbox\Toolboxes\Data Management Tools.tbx\Merge" Date="20230919" Time="174230">Merge pv_stat_date;result_whitoutYBE E:\PVinstallation\result\pv_result.shp #</Process><Process ToolSource="e:\arcgis\desktop10.8\ArcToolbox\Toolboxes\Cartography Tools.tbx\AggregatePolygons" Date="20230919" Time="175234">AggregatePolygons E:\PVinstallation\s2\temp.gdb\pv_result_prj E:\PVinstallation\s2\temp.gdb\pv_prj_fusion "1 Kilometers" "0 Unknown" "0 Unknown" NON_ORTHOGONAL # #</Process><Process ToolSource="e:\arcgis\desktop10.8\ArcToolbox\Toolboxes\Analysis Tools.tbx\Clip" Date="20230919" Time="175336">Clip pv_prj_fusion pv_result_prj E:\PVinstallation\result\pv_result_fusion_prj.shp #</Process><Process ToolSource="e:\arcgis\desktop10.8\ArcToolbox\Toolboxes\Data Management Tools.tbx\CalculateField" Date="20230919" Time="175751">CalculateField pv_result_fusion id "[FID] +1" VB #</Process><Process ToolSource="e:\arcgis\desktop10.8\ArcToolbox\Toolboxes\Analysis Tools.tbx\SpatialJoin" Date="20230919" Time="223415">SpatialJoin pv_result_fusion test E:\PVinstallation\result\pv_result_fusion_date.shp JOIN_ONE_TO_ONE KEEP_ALL "id "id" true true false 5 Long 0 5 ,First,#,pv_result_fusion,id,-1,-1;install_da "install_da" true true false 254 Text 0 0 ,First,#,test,install_da,-1,-1" INTERSECT # #</Process><Process ToolSource="e:\arcgis\desktop10.8\ArcToolbox\Toolboxes\Analysis Tools.tbx\SpatialJoin" Date="20230919" Time="224137">SpatialJoin pv_result_fusion_date pv_date E:\PVinstallation\result\pv_fusion_dateChangjiang.shp JOIN_ONE_TO_ONE KEEP_ALL "id "id" true true false 5 Long 0 5 ,First,#,pv_result_fusion_date,id,-1,-1;install_da "install_da" true true false 254 Text 0 0 ,First,#,pv_result_fusion_date,install_da,-1,-1;date "date" true true false 5 Long 0 5 ,First,#,pv_date,date,-1,-1" INTERSECT # #</Process><Process ToolSource="e:\arcgis\desktop10.8\ArcToolbox\Toolboxes\Analysis Tools.tbx\SpatialJoin" Date="20230919" Time="224330">SpatialJoin pv_fusion_dateChangjiang pV_china_timeunknown E:\PVinstallation\result\pv_fusion_date_China.shp JOIN_ONE_TO_ONE KEEP_ALL "id "id" true true false 5 Long 0 5 ,First,#,pv_fusion_dateChangjiang,id,-1,-1;install_da "install_da" true true false 254 Text 0 0 ,First,#,pv_fusion_dateChangjiang,install_da,-1,-1;date "date" true true false 5 Long 0 5 ,First,#,pv_fusion_dateChangjiang,date,-1,-1;install_da_1 "install_da_1" true true false 254 Text 0 0 ,First,#,pV_china_timeunknown,install_da,-1,-1" INTERSECT # #</Process><Process ToolSource="e:\arcgis\desktop10.8\ArcToolbox\Toolboxes\Data Management Tools.tbx\CalculateField" Date="20230919" Time="225001">CalculateField pv_fusion_date_China date1 [install_da] VB #</Process><Process ToolSource="e:\arcgis\desktop10.8\ArcToolbox\Toolboxes\Data Management Tools.tbx\CalculateField" Date="20230919" Time="225121">CalculateField pv_fusion_date_China date1 Left( [date1],4 ) VB #</Process><Process ToolSource="e:\arcgis\desktop10.8\ArcToolbox\Toolboxes\Data Management Tools.tbx\CalculateField" Date="20230919" Time="225212">CalculateField pv_fusion_date_China date1 [date] VB #</Process><Process ToolSource="e:\arcgis\desktop10.8\ArcToolbox\Toolboxes\Data Management Tools.tbx\CalculateField" Date="20230919" Time="225301">CalculateField pv_fusion_date_China date1 [install__1] VB #</Process><Process ToolSource="e:\arcgis\desktop10.8\ArcToolbox\Toolboxes\Analysis Tools.tbx\SpatialJoin" Date="20230922" Time="170512">SpatialJoin pv_fusion_date_China pv_nodate E:\PVinstallation\result\pv_fusion_date_china_update.shp JOIN_ONE_TO_ONE KEEP_ALL "date1 "date1" true true false 16 Text 0 0 ,First,#,pv_fusion_date_China,date1,-1,-1;date_1 "date_1" true true false 5 Long 0 5 ,First,#,pv_nodate,date,-1,-1;date2 "date2" true true false 5 Long 0 5 ,First,#,pv_nodate,date2,-1,-1" INTERSECT # #</Process><Process ToolSource="e:\arcgis\desktop10.8\ArcToolbox\Toolboxes\Data Management Tools.tbx\CalculateField" Date="20230922" Time="170613">CalculateField pv_fusion_date_china_update date1 [date2] VB #</Process><Process ToolSource="e:\arcgis\desktop10.8\ArcToolbox\Toolboxes\Data Management Tools.tbx\CalculateField" Date="20230922" Time="192220">CalculateField pv_fusion_date_china_update date [date1] VB #</Process><Process ToolSource="e:\arcgis\desktop10.8\ArcToolbox\Toolboxes\Data Management Tools.tbx\CalculateField" Date="20230922" Time="212934">CalculateField pv_fusion_date_china_update id "[FID] +1" VB #</Process><Process ToolSource="e:\arcgis\desktop10.8\ArcToolbox\Toolboxes\Analysis Tools.tbx\SpatialJoin" Date="20230924" Time="095314">SpatialJoin pv_fusion_date_china_update pv_landcover E:\PVinstallation\result\pv_result_fusion_date_lc.shp JOIN_ONE_TO_ONE KEEP_ALL "date1 "date1" true true false 16 Text 0 0 ,First,#,pv_fusion_date_china_update,date1,-1,-1;date "date" true true false 5 Long 0 5 ,First,#,pv_fusion_date_china_update,date,-1,-1;id "id" true true false 5 Long 0 5 ,First,#,pv_fusion_date_china_update,id,-1,-1;landcover "landcover" true true false 10 Long 0 10 ,First,#,pv_landcover,landcover,-1,-1" INTERSECT # #</Process><Process ToolSource="e:\arcgis\desktop10.8\ArcToolbox\Toolboxes\Data Management Tools.tbx\CalculateField" Date="20230924" Time="095559">CalculateField pv_result_fusion_date_lc landcover_ water VB #</Process><Process ToolSource="e:\arcgis\desktop10.8\ArcToolbox\Toolboxes\Data Management Tools.tbx\CalculateField" Date="20230924" Time="100609">CalculateField pv_result_fusion_date_lc landcover_ "water" VB #</Process><Process ToolSource="e:\arcgis\desktop10.8\ArcToolbox\Toolboxes\Data Management Tools.tbx\CalculateField" Date="20230924" Time="100637">CalculateField pv_result_fusion_date_lc landcover_ "cropland" VB #</Process><Process ToolSource="e:\arcgis\desktop10.8\ArcToolbox\Toolboxes\Data Management Tools.tbx\CalculateField" Date="20230924" Time="100721">CalculateField pv_result_fusion_date_lc landcover_ "vegetation" VB #</Process><Process ToolSource="e:\arcgis\desktop10.8\ArcToolbox\Toolboxes\Data Management Tools.tbx\CalculateField" Date="20230924" Time="100753">CalculateField pv_result_fusion_date_lc landcover_ "barren land" VB #</Process><Process ToolSource="e:\arcgis\desktop10.8\ArcToolbox\Toolboxes\Data Management Tools.tbx\CalculateField" Date="20230924" Time="100813">CalculateField pv_result_fusion_date_lc landcover_ "city" VB #</Process><Process ToolSource="e:\arcgis\desktop10.8\ArcToolbox\Toolboxes\Data Management Tools.tbx\CalculateField" Date="20230924" Time="104126">CalculateField pv_result_fusion_date_lc capacity_m "[area] *0.00008+0.1855" VB #</Process><Process ToolSource="e:\arcgis\desktop10.8\ArcToolbox\Toolboxes\Data Management Tools.tbx\CalculateField" Date="20230924" Time="104150">CalculateField pv_result_fusion_date_lc capacity_m "[area] *0.00008+0.1855" VB #</Process><Process ToolSource="e:\arcgis\desktop10.8\ArcToolbox\Toolboxes\Analysis Tools.tbx\SpatialJoin" Date="20230924" Time="104333">SpatialJoin pv_result_fusion_date_lc 省级 E:\PVinstallation\result\pv_result_fusion_date_lc_prov.shp JOIN_ONE_TO_MANY KEEP_ALL "date "date" true true false 5 Long 0 5 ,First,#,pv_result_fusion_date_lc,date,-1,-1;id "id" true true false 5 Long 0 5 ,First,#,pv_result_fusion_date_lc,id,-1,-1;landcover "landcover" true true false 10 Long 0 10 ,First,#,pv_result_fusion_date_lc,landcover,-1,-1;landcover_ "landcover_" true true false 15 Text 0 0 ,First,#,pv_result_fusion_date_lc,landcover_,-1,-1;slop "slop" true true false 19 Double 0 0 ,First,#,pv_result_fusion_date_lc,slop,-1,-1;area "area" true true false 19 Double 0 0 ,First,#,pv_result_fusion_date_lc,area,-1,-1;capacity_m "capacity_m" true true false 19 Double 0 0 ,First,#,pv_result_fusion_date_lc,capacity_m,-1,-1;PROVINCE "PROVINCE" true true false 50 Text 0 0 ,First,#,省级,PROVINCE,-1,-1" INTERSECT # #</Process><Process ToolSource="e:\arcgis\desktop10.8\ArcToolbox\Toolboxes\Data Management Tools.tbx\CalculateField" Date="20230924" Time="165918">CalculateField pv_result_fusion_date_lc_prov PROVINCE "河北省" VB #</Process><Process ToolSource="e:\arcgis\desktop10.8\ArcToolbox\Toolboxes\Data Management Tools.tbx\CalculateField" Date="20230924" Time="170803">CalculateField pv_result_fusion_date_lc_prov PROVINCE "山西省" VB #</Process><Process ToolSource="e:\arcgis\desktop10.8\ArcToolbox\Toolboxes\Data Management Tools.tbx\CalculateField" Date="20230924" Time="170905">CalculateField pv_result_fusion_date_lc_prov id "[FID] +1" VB #</Process><Process ToolSource="e:\arcgis\desktop10.8\ArcToolbox\Toolboxes\Data Management Tools.tbx\CalculateField" Date="20230924" Time="171237">CalculateField pv_result_fusion_date_lc_prov id "[FID] +1" VB #</Process><Process ToolSource="e:\arcgis\desktop10.8\ArcToolbox\Toolboxes\Data Management Tools.tbx\CalculateField" Date="20230924" Time="180436">CalculateField pv_result_fusion_date_lc_prov landcover_ city VB #</Process><Process ToolSource="e:\arcgis\desktop10.8\ArcToolbox\Toolboxes\Data Management Tools.tbx\CalculateField" Date="20230924" Time="180507">CalculateField pv_result_fusion_date_lc_prov landcover_ "city" VB #</Process><Process ToolSource="e:\arcgis\desktop10.8\ArcToolbox\Toolboxes\Data Management Tools.tbx\CalculateField" Date="20230924" Time="180542">CalculateField pv_result_fusion_date_lc_prov landcover_ "vegetation" VB #</Process><Process ToolSource="e:\arcgis\desktop10.8\ArcToolbox\Toolboxes\Data Management Tools.tbx\CalculateField" Date="20230924" Time="180556">CalculateField pv_result_fusion_date_lc_prov landcover_ "cropland" VB #</Process><Process ToolSource="e:\arcgis\desktop10.8\ArcToolbox\Toolboxes\Data Management Tools.tbx\CalculateField" Date="20230924" Time="181347">CalculateField pv_result_fusion_date_lc_prov slope [slop] VB #</Process><Process ToolSource="e:\arcgis\desktop10.8\ArcToolbox\Toolboxes\Data Management Tools.tbx\CalculateField" Date="20231018" Time="105535">CalculateField pv_result_fusion_date_lc_prov id "[FID] +1" VB #</Process><Process ToolSource="e:\arcgis\desktop10.8\ArcToolbox\Toolboxes\Data Management Tools.tbx\CalculateField" Date="20231127" Time="193835">CalculateField pv_result_fusion_date_lc_prov date 0 VB #</Process><Process ToolSource="e:\arcgis\desktop10.8\ArcToolbox\Toolboxes\Data Management Tools.tbx\CalculateField" Date="20231127" Time="193944">CalculateField pv_result_fusion_date_lc_prov date 0 VB #</Process></lineage></DataProperties><SyncDate>20230924</SyncDate><SyncTime>10432900</SyncTime><ModDate>20230924</ModDate><ModTime>10432900</ModTime></Esri><dataIdInfo><envirDesc Sync="TRUE"> Version 6.2 (Build 9200) ; Esri ArcGIS 10.8.0.12790</envirDesc><dataLang><languageCode value="zho" Sync="TRUE"></languageCode><countryCode value="CHN" Sync="TRUE"></countryCode></dataLang><idCitation><resTitle Sync="TRUE">pv_result_fusion_date_lc_prov</resTitle><presForm><PresFormCd value="005" Sync="TRUE"></PresFormCd></presForm></idCitation><spatRpType><SpatRepTypCd value="001" Sync="TRUE"></SpatRepTypCd></spatRpType></dataIdInfo><mdLang><languageCode value="zho" Sync="TRUE"></languageCode><countryCode value="CHN" Sync="TRUE"></countryCode></mdLang><mdChar><CharSetCd value="004" Sync="TRUE"></CharSetCd></mdChar><distInfo><distFormat><formatName Sync="TRUE">Shapefile</formatName></distFormat><distTranOps><transSize Sync="TRUE">0.000</transSize></distTranOps></distInfo><mdHrLv><ScopeCd value="005" Sync="TRUE"></ScopeCd></mdHrLv><mdHrLvName Sync="TRUE">dataset</mdHrLvName><refSysInfo><RefSystem><refSysID><identCode code="4326" Sync="TRUE"></identCode><idCodeSpace Sync="TRUE">EPSG</idCodeSpace><idVersion Sync="TRUE">6.14(3.0.1)</idVersion></refSysID></RefSystem></refSysInfo><spatRepInfo><VectSpatRep><geometObjs Name="pv_result_fusion_date_lc_prov"><geoObjTyp><GeoObjTypCd value="002" Sync="TRUE"></GeoObjTypCd></geoObjTyp><geoObjCnt Sync="TRUE">0</geoObjCnt></geometObjs><topLvl><TopoLevCd value="001" Sync="TRUE"></TopoLevCd></topLvl></VectSpatRep></spatRepInfo><spdoinfo><ptvctinf><esriterm Name="pv_result_fusion_date_lc_prov"><efeatyp Sync="TRUE">Simple</efeatyp><efeageom code="4" Sync="TRUE"></efeageom><esritopo Sync="TRUE">FALSE</esritopo><efeacnt Sync="TRUE">0</efeacnt><spindex Sync="TRUE">FALSE</spindex><linrefer Sync="TRUE">FALSE</linrefer></esriterm></ptvctinf></spdoinfo><eainfo><detailed Name="pv_result_fusion_date_lc_prov"><enttyp><enttypl Sync="TRUE">pv_result_fusion_date_lc_prov</enttypl><enttypt Sync="TRUE">Feature Class</enttypt><enttypc Sync="TRUE">0</enttypc></enttyp><attr><attrlabl Sync="TRUE">FID</attrlabl><attalias Sync="TRUE">FID</attalias><attrtype Sync="TRUE">OID</attrtype><attwidth Sync="TRUE">4</attwidth><atprecis Sync="TRUE">0</atprecis><attscale Sync="TRUE">0</attscale><attrdef Sync="TRUE">Internal feature number.</attrdef><attrdefs Sync="TRUE">Esri</attrdefs><attrdomv><udom Sync="TRUE">Sequential unique whole numbers that are automatically generated.</udom></attrdomv></attr><attr><attrlabl Sync="TRUE">Shape</attrlabl><attalias Sync="TRUE">Shape</attalias><attrtype Sync="TRUE">Geometry</attrtype><attwidth Sync="TRUE">0</attwidth><atprecis Sync="TRUE">0</atprecis><attscale Sync="TRUE">0</attscale><attrdef Sync="TRUE">Feature geometry.</attrdef><attrdefs Sync="TRUE">Esri</attrdefs><attrdomv><udom Sync="TRUE">Coordinates defining the features.</udom></attrdomv></attr><attr><attrlabl Sync="TRUE">Join_Count</attrlabl><attalias Sync="TRUE">Join_Count</attalias><attrtype Sync="TRUE">Integer</attrtype><attwidth Sync="TRUE">10</attwidth><atprecis Sync="TRUE">10</atprecis><attscale Sync="TRUE">0</attscale></attr><attr><attrlabl Sync="TRUE">TARGET_FID</attrlabl><attalias Sync="TRUE">TARGET_FID</attalias><attrtype Sync="TRUE">Integer</attrtype><attwidth Sync="TRUE">10</attwidth><atprecis Sync="TRUE">10</atprecis><attscale Sync="TRUE">0</attscale></attr><attr><attrlabl Sync="TRUE">JOIN_FID</attrlabl><attalias Sync="TRUE">JOIN_FID</attalias><attrtype Sync="TRUE">Integer</attrtype><attwidth Sync="TRUE">10</attwidth><atprecis Sync="TRUE">10</atprecis><attscale Sync="TRUE">0</attscale></attr><attr><attrlabl Sync="TRUE">date</attrlabl><attalias Sync="TRUE">date</attalias><attrtype Sync="TRUE">Integer</attrtype><attwidth Sync="TRUE">5</attwidth><atprecis Sync="TRUE">5</atprecis><attscale Sync="TRUE">0</attscale></attr><attr><attrlabl Sync="TRUE">id</attrlabl><attalias Sync="TRUE">id</attalias><attrtype Sync="TRUE">Integer</attrtype><attwidth Sync="TRUE">5</attwidth><atprecis Sync="TRUE">5</atprecis><attscale Sync="TRUE">0</attscale></attr><attr><attrlabl Sync="TRUE">landcover</attrlabl><attalias Sync="TRUE">landcover</attalias><attrtype Sync="TRUE">Integer</attrtype><attwidth Sync="TRUE">10</attwidth><atprecis Sync="TRUE">10</atprecis><attscale Sync="TRUE">0</attscale></attr><attr><attrlabl Sync="TRUE">landcover_</attrlabl><attalias Sync="TRUE">landcover_</attalias><attrtype Sync="TRUE">String</attrtype><attwidth Sync="TRUE">15</attwidth><atprecis Sync="TRUE">0</atprecis><attscale Sync="TRUE">0</attscale></attr><attr><attrlabl Sync="TRUE">slop</attrlabl><attalias Sync="TRUE">slop</attalias><attrtype Sync="TRUE">Double</attrtype><attwidth Sync="TRUE">19</attwidth><atprecis Sync="TRUE">0</atprecis><attscale Sync="TRUE">0</attscale></attr><attr><attrlabl Sync="TRUE">area</attrlabl><attalias Sync="TRUE">area</attalias><attrtype Sync="TRUE">Double</attrtype><attwidth Sync="TRUE">19</attwidth><atprecis Sync="TRUE">0</atprecis><attscale Sync="TRUE">0</attscale></attr><attr><attrlabl Sync="TRUE">capacity_m</attrlabl><attalias Sync="TRUE">capacity_m</attalias><attrtype Sync="TRUE">Double</attrtype><attwidth Sync="TRUE">19</attwidth><atprecis Sync="TRUE">0</atprecis><attscale Sync="TRUE">0</attscale></attr><attr><attrlabl Sync="TRUE">PROVINCE</attrlabl><attalias Sync="TRUE">PROVINCE</attalias><attrtype Sync="TRUE">String</attrtype><attwidth Sync="TRUE">50</attwidth><atprecis Sync="TRUE">0</atprecis><attscale Sync="TRUE">0</attscale></attr></detailed></eainfo><mdDateSt Sync="TRUE">20230924</mdDateSt></metadata>
